chrom	start	end	cnv_type	ISV	SHAP_Overlapped_Gencode_Elements	SHAP_Protein_Coding_Genes	SHAP_Pseudogenes	SHAP_Micro_RNA	SHAP_Long_non-coding_RNA	SHAP_Ribosomal_RNA	SHAP_Small_nuclear_RNA	SHAP_Morbid_Genes	SHAP_Disease_associated_Genes	SHAP_Haploinsufficient_Genes	SHAP_Haploinsufficient_Regions	SHAP_Regulatory_Elements	SHAP_Enhancers	SHAP_Open_Chromatin_Regions	SHAP_Promoters	SHAP_Promoter_Flanking_Regions	SHAP_CTCF_Binding_sites	SHAP_TF_Binding_sites	SHAP_Manually_Curated_Regulatory_Elements	SHAP_Triplosensitive_Regions
chr12	49018977	49060794	DEL	0.889886736869812	-0.002384359717384219	0.049058203307788706	0.014014418716927263	-0.002939113864368606	-0.00829431054910468	0.0	-0.0013856215327021227	0.14143338278606904	0.10681120864482764	0.2625236774411412	-0.006538364936656295	0.020103512899842576	-0.04008366632394039	0.04817630369404867	-0.009094087218390787	0.007106290879484754	-0.02709978746113071	0.013199060103907735	-0.0015586808988997819	
