chrom	start	end	cnv_type	ISV	SHAP_Overlapped_Gencode_Elements	SHAP_Protein_Coding_Genes	SHAP_Pseudogenes	SHAP_Micro_RNA	SHAP_Long_non-coding_RNA	SHAP_Ribosomal_RNA	SHAP_Small_nuclear_RNA	SHAP_Morbid_Genes	SHAP_Disease_associated_Genes	SHAP_Haploinsufficient_Genes	SHAP_Haploinsufficient_Regions	SHAP_Regulatory_Elements	SHAP_Enhancers	SHAP_Open_Chromatin_Regions	SHAP_Promoters	SHAP_Promoter_Flanking_Regions	SHAP_CTCF_Binding_sites	SHAP_TF_Binding_sites	SHAP_Manually_Curated_Regulatory_Elements
chr15	72340923	72376014	DEL	0.06959784030914307	0.008316105588087468	-0.025199820904286168	0.005786536269221217	-0.007530183519573023	-0.006067781007843296	0.0	-0.004013781483572503	0.02792501915648031	0.023065595552097817	-0.043231810277764626	-0.015831540565337067	-0.017951473220796276	-0.013602636890596272	-0.04824684173695587	0.003108832051149146	-0.028741452123728483	-0.012607408030138998	-0.015848190564192857	-0.010172828913833682
