chrom	start	end	cnv_type	ISV	SHAP_Overlapped_Gencode_Elements	SHAP_Protein_Coding_Genes	SHAP_Pseudogenes	SHAP_Micro_RNA	SHAP_Long_non-coding_RNA	SHAP_Ribosomal_RNA	SHAP_Small_nuclear_RNA	SHAP_Morbid_Genes	SHAP_Disease_associated_Genes	SHAP_Haploinsufficient_Genes	SHAP_Haploinsufficient_Regions	SHAP_Regulatory_Elements	SHAP_Enhancers	SHAP_Open_Chromatin_Regions	SHAP_Promoters	SHAP_Promoter_Flanking_Regions	SHAP_CTCF_Binding_sites	SHAP_TF_Binding_sites	SHAP_Manually_Curated_Regulatory_Elements	SHAP_Triplosensitive_Regions
chr5	177131797	177300213	DEL	0.9478542804718018	0.014326587231447401	0.048110591684334576	0.025130598197714273	-0.000854505746647677	-0.02003006432374157	0.0	-0.0011727405562465966	0.13484546243709003	0.1272332153397023	0.2124563174171973	0.04355847958425871	0.07957636683097172	0.008633806891949524	0.023547228541888055	0.006866797453553632	0.013808390356463189	-0.026359665737037786	0.0011215628517717087	-0.0005543928054711954	
