chrom	start	end	cnv_type	ISV	SHAP_Overlapped_Gencode_Elements	SHAP_Protein_Coding_Genes	SHAP_Pseudogenes	SHAP_Micro_RNA	SHAP_Long_non-coding_RNA	SHAP_Ribosomal_RNA	SHAP_Small_nuclear_RNA	SHAP_Morbid_Genes	SHAP_Disease_associated_Genes	SHAP_Haploinsufficient_Genes	SHAP_Haploinsufficient_Regions	SHAP_Regulatory_Elements	SHAP_Enhancers	SHAP_Open_Chromatin_Regions	SHAP_Promoters	SHAP_Promoter_Flanking_Regions	SHAP_CTCF_Binding_sites	SHAP_TF_Binding_sites	SHAP_Manually_Curated_Regulatory_Elements	SHAP_Triplosensitive_Regions
chr12	112418946	112509918	DUP	0.019354360178112984	0.0015089922629192376	-0.015117370313508854	0.011680359072430663	-0.0029520318301370385	-0.0117729667909529	7.767340731321301e-05	-0.009490546684150851	0.01794726334998701	0.009839075425318625			-0.030590862749748017	-0.014137891983889423	0.0028103682273211733	-0.007746422626579165	-0.010907153407174262	-0.013020619765558104	0.00817120542245902	-0.008264058603705427	-0.002672530585444963
